<?xml version="1.0" encoding="UTF-8"?>
<project-private xmlns="http://www.netbeans.org/ns/project-private/1">
    <editor-bookmarks xmlns="http://www.netbeans.org/ns/editor-bookmarks/2" lastBookmarkId="0"/>
    <open-files xmlns="http://www.netbeans.org/ns/projectui-open-files/2">
        <group>
            <file>file:/D:/Academics/Sem4/12_DB_Lab/EX10/Emp_Payroll/Emp_Payroll/src/Remove_Emp.java</file>
            <file>file:/D:/Academics/Sem4/12_DB_Lab/EX10/Emp_Payroll/Emp_Payroll/src/Emp_Payroll.java</file>
            <file>file:/D:/Academics/Sem4/12_DB_Lab/EX10/Emp_Payroll/Emp_Payroll/src/Update_Emp.java</file>
            <file>file:/D:/Academics/Sem4/12_DB_Lab/EX10/Emp_Payroll/Emp_Payroll/src/Search_Emp.java</file>
            <file>file:/D:/Academics/Sem4/12_DB_Lab/EX10/Emp_Payroll/Emp_Payroll/src/Insert_Emp.java</file>
        </group>
    </open-files>
</project-private>
